{
    "Zentrum": 37.75620280,
    "Zentrum-Ost": 6.54878847,
    "Seehausen": 5.73682323,
    "Zentrum-West": 4.64356351,
    "Volkmarsdorf": 4.18439716,
    "Schönau": 3.85626643,
    "Miltitz": 3.73333333,
    "Hartmannsdorf-Knautnaundorf": 3.72856078,
    "Plagwitz": 3.45493939,
    "Neustadt-Neuschönefeld": 3.43102216,
    "Zentrum-Südost": 3.22335988,
    "Zentrum-Nord": 3.20314114,
    "Heiterblick": 3.03280948,
    "Eutritzsch": 3.02581600,
    "Engelsdorf": 2.99946438,
    "Liebertwolkwitz": 2.96022202,
    "Dölitz-Dösen": 2.87061718,
    "Grünau-Mitte": 2.86891276,
    "Großzschocher": 2.80504909,
    "Connewitz": 2.72754824,
    "Lützschena-Stahmeln": 2.58397933,
    "Probstheida": 2.56483329,
    "Zentrum-Süd": 2.53628294,
    "Sellerhausen-Stünz": 2.50678922,
    "Anger-Crottendorf": 2.48696350,
    "Schönefeld-Abtnaundorf": 2.41837969,
    "Marienbrunn": 2.41701579,
    "Lindenthal": 2.38521169,
    "Reudnitz-Thonberg": 2.30188840,
    "Holzhausen": 2.23546945,
    "Mockau-Süd": 2.21863655,
    "Wiederitzsch": 2.18245308,
    "Wahren": 2.13932344,
    "Grünau-Siedlung": 2.08224883,
    "Paunsdorf": 2.05417897,
    "Stötteritz": 1.95620279,
    "Grünau-Nord": 1.89833368,
    "Möckern": 1.88595518,
    "Schönefeld-Ost": 1.85329692,
    "Zentrum-Nordwest": 1.82882224,
    "Plaußig-Portitz": 1.81818182,
    "Lausen-Grünau": 1.79955703,
    "Schleußig": 1.75368673,
    "Mockau-Nord": 1.69136598,
    "Gohlis-Süd": 1.58470234,
    "Kleinzschocher": 1.56581008,
    "Grünau-Ost": 1.55219247,
    "Thekla": 1.33422282,
    "Knautkleeberg-Knauthain": 1.22206704,
    "Lößnig": 1.21962661,
    "Südvorstadt": 1.20627262,
    "Mölkau": 1.18885870,
    "Meusdorf": 1.14351058,
    "Gohlis-Nord": 1.06506584,
    "Baalsdorf": 0.54914882,
    "Althen-Kleinpösna": 0.46168052
}